{"_wandb":{"runtime":11},"Accuracy":0.08066666666666666,"val_acc":0.08066666666666666,"epoch":4,"_timestamp":1.7419442962793207e+09,"train_loss":5.365729796000914,"train_acc":0.08829629629629629,"_runtime":11.2078394,"_step":5,"val_loss":5.388224223525025}