{"_step":10,"train_loss":2.622472156776097,"epoch":9,"train_acc":0.23542592592592593,"val_acc":0.24116666666666667,"_wandb":{"runtime":55},"val_loss":2.6013103379791094,"_runtime":55.7284889,"Validation Loss":2.6013103379791094,"_timestamp":1.741548224688171e+09}