{"val_acc":0.101,"_step":5,"val_loss":12.288573941109224,"train_acc":0.099,"_runtime":17.6235893,"Validation Loss":12.288573941109224,"_timestamp":1.7415475600366888e+09,"epoch":4,"_wandb":{"runtime":17},"train_loss":12.294498984337862}