{"_step":9,"_runtime":29.2432481,"train_loss":2.302579152320369,"_wandb":{"runtime":29},"val_loss":2.302713317680717,"epoch":9,"val_acc":0.09333333333333334,"_timestamp":1.7415410783982062e+09,"train_acc":0.10074074074074074}