{"_step":4,"val_loss":2.303412641708143,"train_loss":2.3034289618702677,"train_acc":0.09985185185185186,"val_acc":0.10133333333333333,"_wandb":{"runtime":12},"_runtime":12.6334797,"epoch":4,"_timestamp":1.74154160681611e+09}