{"_runtime":10.9087709,"epoch":9,"train_acc":0.12318518518518519,"_wandb":{"runtime":10},"Accuracy":0.1285,"_timestamp":1.7415553233282034e+09,"val_loss":2.45014051986037,"_step":10,"val_acc":0.1285,"train_loss":2.4329654694624456}