{"train_acc":0.09964814814814815,"_timestamp":1.7422056882896614e+09,"_runtime":40.1612962,"_step":0,"_wandb":{"runtime":40},"epoch":0,"train_loss":2.30281797979852}