{"val_loss":8.914585920731996,"epoch":9,"_timestamp":1.7415477606325407e+09,"_runtime":42.6792667,"_wandb":{"runtime":42},"train_loss":8.88781659502317,"Validation Loss":8.914585920731996,"val_acc":0.12816666666666668,"train_acc":0.12837037037037036,"_step":10}