{"epoch":4,"_timestamp":1.7415554188024633e+09,"_wandb":{"runtime":22},"train_loss":2.1926518647693336,"val_acc":0.22466666666666665,"Accuracy":0.22466666666666665,"_runtime":22.3749762,"_step":5,"train_acc":0.21253703703703702,"val_loss":2.1706465885384874}