{"Accuracy":0.24466666666666667,"_timestamp":1.7415557723288374e+09,"val_loss":2.0853663372367275,"train_acc":0.2444074074074074,"epoch":9,"_runtime":16.2011583,"_step":10,"train_loss":2.0855582854909986,"_wandb":{"runtime":16},"val_acc":0.24466666666666667}