{"val_acc":0.1035,"_runtime":14.4792577,"Accuracy":0.1035,"_wandb":{"runtime":14},"_timestamp":1.7415549296706197e+09,"_step":10,"epoch":9,"train_loss":8.30615573641555,"val_loss":8.332619857872704,"train_acc":0.10533333333333333}