{"_step":20,"Accuracy":0.8826666666666667,"_wandb":{"runtime":140},"train_acc":0.9013518518518518,"val_loss":0.34827688543679786,"_timestamp":1.7422059318346562e+09,"train_loss":1.460699643213442,"_runtime":140.5655284,"epoch":9,"val_acc":0.8826666666666667}