{"train_acc":0.7853703703703704,"val_acc":0.7801666666666667,"_runtime":27.305096,"_step":5,"epoch":4,"train_loss":0.5922112341407856,"_wandb":{"runtime":27},"_timestamp":1.741555211929472e+09,"val_loss":0.6054968475884532,"Accuracy":0.7801666666666667}