{"train_loss":2.3025777680617856,"train_acc":0.10074074074074074,"epoch":19,"_timestamp":1.7415414041626678e+09,"val_acc":0.09333333333333334,"_runtime":33.4225291,"_wandb":{"runtime":33},"_step":19,"val_loss":2.3027307258328444}