{"_step":0,"epoch":0,"train_loss":0.5239283205038762,"train_acc":0.8382592592592593,"_wandb":{"runtime":8},"_timestamp":1.74220573354574e+09,"_runtime":8.2732758}