{"val_loss":2.6196115706582694,"train_acc":0.21083333333333334,"_step":10,"epoch":9,"val_acc":0.20816666666666667,"_wandb":{"runtime":27},"train_loss":2.618184656518488,"Accuracy":0.20816666666666667,"_runtime":27.7988509,"_timestamp":1.741555392542739e+09}