{"_timestamp":1.7415555179221914e+09,"epoch":4,"Accuracy":0.7315,"train_acc":0.7317037037037037,"_wandb":{"runtime":25},"val_acc":0.7315,"_runtime":25.8939684,"_step":5,"val_loss":0.76382754821588,"train_loss":0.7457969520736975}