{"epoch":4,"_runtime":14.4012829,"_wandb":{"runtime":14},"train_acc":0.10018518518518518,"train_loss":2.303193409362486,"_step":4,"val_acc":0.09833333333333333,"val_loss":2.303018842570874,"_timestamp":1.7415414650366836e+09}