{"val_loss":0.5329353537085915,"_timestamp":1.7415481211061323e+09,"_step":10,"_wandb":{"runtime":52},"epoch":9,"train_acc":0.8167962962962962,"Validation Loss":0.5329353537085915,"_runtime":52.5091737,"train_loss":0.5013909143133846,"val_acc":0.8136666666666666}