{"_wandb":{"runtime":45},"_runtime":45.9294088,"train_acc":0.6112407407407408,"_timestamp":1.7415479229541848e+09,"val_acc":0.6126666666666667,"val_loss":1.0821818394225982,"_step":10,"epoch":9,"train_loss":1.0814842272479246,"Validation Loss":1.0821818394225982}