{"train_acc":0.8878888888888888,"_timestamp":1.7415468772978485e+09,"val_acc":0.8601666666666666,"train_loss":0.3000463188605113,"_runtime":74.4287005,"_wandb":{"runtime":74},"Validation Loss":0.3902324057588025,"val_loss":0.3902324057588025,"_step":10,"epoch":9}