{"train_loss":2.3025948531329057,"_step":4,"epoch":4,"val_acc":0.09733333333333333,"_timestamp":1.7415414431000226e+09,"val_loss":2.302751711914226,"_wandb":{"runtime":25},"_runtime":25.535519700000002,"train_acc":0.1002962962962963}