{"val_loss":2.302721465769073,"train_loss":2.3025782313938272,"_wandb":{"runtime":21},"_runtime":21.1123141,"val_acc":0.09333333333333334,"_timestamp":1.741541696600092e+09,"_step":9,"epoch":9,"train_acc":0.10074074074074074}