{"train_acc":0.7920555555555555,"val_loss":0.6118116340896843,"_runtime":41.8687783,"_step":5,"Accuracy":0.7886666666666666,"train_loss":0.5809148391012295,"_wandb":{"runtime":41},"val_acc":0.7886666666666666,"epoch":4,"_timestamp":1.7415557502606149e+09}