{"_wandb":{"runtime":16},"val_loss":1.1519283173823978,"Validation Loss":1.1519283173823978,"_runtime":16.3254455,"epoch":4,"train_acc":0.5977037037037037,"val_acc":0.6121666666666666,"_timestamp":1.7415471485788026e+09,"_step":5,"train_loss":1.156007603434311}