{"_timestamp":1.74155457095567e+09,"_step":10,"val_acc":0.13566666666666666,"Accuracy":0.13566666666666666,"train_loss":5.278342395318597,"val_loss":5.289623973828205,"epoch":9,"_runtime":21.1611848,"_wandb":{"runtime":21},"train_acc":0.12964814814814815}