{"train_acc":0.10018518518518518,"_timestamp":1.741542265081631e+09,"train_loss":2.302786189406917,"epoch":4,"_wandb":{"runtime":15},"val_loss":2.3029789228682267,"val_acc":0.09833333333333333,"_runtime":15.223054,"_step":4}