{"Validation Loss":1.1763143335723525,"_timestamp":1.7415484897936473e+09,"train_acc":0.5969629629629629,"_runtime":20.0609854,"epoch":4,"train_loss":1.1882909850188996,"val_loss":1.1763143335723525,"val_acc":0.6098333333333333,"_step":5,"_wandb":{"runtime":20}}