{"epoch":4,"val_acc":0.2713333333333333,"val_loss":2.1987566452973684,"Validation Loss":2.1987566452973684,"_timestamp":1.7415476063393207e+09,"_wandb":{"runtime":42},"_runtime":42.0138493,"_step":5,"train_loss":2.2109866763245387,"train_acc":0.2606851851851852}