{"_wandb":{"runtime":18},"_runtime":18.3270785,"train_acc":0.10018518518518518,"_timestamp":1.7415422456265464e+09,"val_loss":2.302709000455201,"train_loss":2.3025806988614788,"_step":4,"epoch":4,"val_acc":0.09833333333333333}