{"train_loss":2.0445427308638466,"val_acc":0.2703333333333333,"val_loss":2.0397155636789495,"_runtime":30.467295,"train_acc":0.2673333333333333,"_wandb":{"runtime":30},"_step":10,"epoch":9,"Accuracy":0.2703333333333333,"_timestamp":1.741555359584585e+09}