{"val_loss":2.3026196677438757,"train_loss":2.3030428483853576,"_step":4,"epoch":4,"train_acc":0.09920370370370371,"_timestamp":1.741541116764962e+09,"_wandb":{"runtime":28},"val_acc":0.10716666666666666,"_runtime":28.8409693}