{"val_acc":0.4535,"epoch":4,"_runtime":22.1750168,"_step":5,"train_acc":0.4582037037037037,"_wandb":{"runtime":22},"train_loss":1.6282009815924134,"Accuracy":0.4535,"_timestamp":1.7419442803908718e+09,"val_loss":1.628500740354057}