{"train_loss":0.8079169136270767,"_timestamp":1.741554908347477e+09,"_runtime":15.0841509,"train_acc":0.7082592592592593,"_wandb":{"runtime":15},"val_loss":0.8176229825445381,"_step":10,"val_acc":0.7046666666666667,"epoch":9,"Accuracy":0.7046666666666667}