{"_timestamp":1.7415423914298022e+09,"_runtime":102.9629664,"val_acc":0.10133333333333333,"train_loss":2.3029324236083277,"_wandb":{"runtime":103},"val_loss":2.3025980472081304,"train_acc":0.09985185185185186,"_step":9,"epoch":9}