{"epoch":9,"val_acc":0.859,"Validation Loss":0.38848816798990615,"val_loss":0.38848816798990615,"_wandb":{"runtime":110},"train_acc":0.8918333333333334,"_step":10,"train_loss":0.290036998562815,"_timestamp":1.7415474953384583e+09,"_runtime":110.4561723}