{"train_acc":0.44455555555555554,"_step":5,"val_loss":1.7103433392255196,"Validation Loss":1.7103433392255196,"epoch":4,"_wandb":{"runtime":10},"_timestamp":1.7415472312307444e+09,"_runtime":10.2592232,"val_acc":0.4513333333333333,"train_loss":1.721293102074293}