{"_timestamp":1.7415552243270247e+09,"train_loss":1.3158481876248107,"epoch":4,"train_acc":0.5331111111111111,"_wandb":{"runtime":7},"val_loss":1.3091282112355342,"val_acc":0.5323333333333333,"_step":5,"Accuracy":0.5323333333333333,"_runtime":7.2606148}