{"_step":10,"epoch":9,"_wandb":{"runtime":67},"val_acc":0.8708333333333333,"train_acc":0.8877962962962963,"_timestamp":1.741547680112842e+09,"Validation Loss":0.37192783254669437,"_runtime":67.8170539,"train_loss":0.305156032194486,"val_loss":0.37192783254669437}