{"epoch":4,"val_loss":1.2218931497985597,"_step":5,"train_acc":0.5796666666666667,"_runtime":9.541637099999999,"_wandb":{"runtime":9},"train_loss":1.2284084879313715,"val_acc":0.5881666666666666,"_timestamp":1.741546982164054e+09,"Validation Loss":1.2218931497985597}