{"train_acc":0.8824444444444445,"_timestamp":1.7415471939838052e+09,"val_loss":0.38975334842417003,"epoch":9,"_wandb":{"runtime":32},"train_loss":0.31967793206107986,"_step":10,"val_acc":0.8586666666666667,"_runtime":32.0264442,"Validation Loss":0.38975334842417003}