{"_wandb":{"runtime":60},"_timestamp":1.741554637078197e+09,"val_acc":0.7943333333333333,"train_loss":0.532359462914414,"_runtime":60.2591143,"val_loss":0.5713205385492107,"_step":5,"epoch":4,"train_acc":0.807537037037037,"Accuracy":0.7943333333333333}