{"_wandb":{"runtime":21},"val_loss":2.3026458180973166,"val_acc":0.09833333333333333,"epoch":9,"_timestamp":1.7415411453337615e+09,"_step":9,"_runtime":21.5841374,"train_loss":2.3032177021912084,"train_acc":0.10018518518518518}