{"_wandb":{"runtime":8},"epoch":4,"train_acc":0.09985185185185186,"val_acc":0.10133333333333333,"_timestamp":1.741541667614244e+09,"val_loss":2.3027862858710773,"_step":4,"_runtime":7.9842652,"train_loss":2.3027973078375825}