{"Accuracy":0.11566666666666667,"_timestamp":1.7415554847641666e+09,"_step":5,"train_acc":0.11431481481481481,"train_loss":12.775305250202337,"_wandb":{"runtime":24},"_runtime":24.9530216,"epoch":4,"val_loss":12.81311252989502,"val_acc":0.11566666666666667}