{"val_acc":0.09833333333333333,"epoch":19,"train_loss":2.3026827539998966,"_timestamp":1.7415415079551167e+09,"_step":19,"_runtime":35.8137166,"_wandb":{"runtime":35},"train_acc":0.10018518518518518,"val_loss":2.3028175674439963}