{"train_loss":2.302582134579946,"epoch":4,"val_loss":2.3027520064235483,"_wandb":{"runtime":26},"_timestamp":1.7415415413680146e+09,"_runtime":26.2233567,"_step":4,"val_acc":0.09333333333333334,"train_acc":0.10074074074074074}