{"_step":5,"_runtime":11.1130691,"epoch":4,"train_loss":0.4610610645689039,"Validation Loss":0.4967271998396033,"_timestamp":1.741547380000951e+09,"train_acc":0.8302407407407407,"val_acc":0.8203333333333334,"_wandb":{"runtime":11},"val_loss":0.4967271998396033}