{"Validation Loss":0.5619989375223347,"train_acc":0.8112407407407407,"train_loss":0.5260884627902508,"epoch":9,"_wandb":{"runtime":49},"_runtime":49.0686004,"val_acc":0.8003333333333333,"val_loss":0.5619989375223347,"_timestamp":1.7415480643684754e+09,"_step":10}