{"_runtime":9.5597769,"epoch":4,"train_loss":1.8409118571059107,"val_loss":1.8369500971182922,"_wandb":{"runtime":9},"_step":5,"train_acc":0.37437037037037035,"val_acc":0.37816666666666665,"Accuracy":0.37816666666666665,"_timestamp":1.741555554333875e+09}