{"_step":5,"val_acc":0.8311666666666667,"_timestamp":1.7415545100561774e+09,"_runtime":13.017986,"train_acc":0.8417777777777777,"_wandb":{"runtime":13},"val_loss":0.47087039001809217,"Accuracy":0.8311666666666667,"epoch":4,"train_loss":0.4371833785766128}