{"_wandb":{"runtime":24},"val_loss":2.3027230124434457,"_runtime":24.7668975,"_step":9,"_timestamp":1.7415425117948518e+09,"train_loss":2.3025780042398885,"val_acc":0.09333333333333334,"train_acc":0.10074074074074074,"epoch":9}