{"val_acc":0.8478333333333333,"_step":10,"_wandb":{"runtime":29},"val_loss":0.42209637896795615,"train_loss":0.3633808088606336,"_timestamp":1.7415475300393124e+09,"_runtime":29.1436393,"Validation Loss":0.42209637896795615,"train_acc":0.865462962962963,"epoch":9}