{"_wandb":{"runtime":10},"_step":4,"val_loss":2.3027029397331464,"_timestamp":1.741541044320734e+09,"_runtime":10.4786349,"train_acc":0.1002962962962963,"epoch":4,"train_loss":2.3026246253435234,"val_acc":0.09733333333333333}