{"_timestamp":1.7415408013459773e+09,"epoch":9,"train_acc":0.10074074074074074,"_runtime":55.3488722,"_wandb":{"runtime":55},"val_acc":0.09333333333333334,"train_loss":2.3025805413391187,"val_loss":2.3027482028241595,"_step":9}