{"train_loss":2.3025958849565358,"_wandb":{"runtime":43},"val_loss":2.302614138044292,"val_acc":0.09833333333333333,"_timestamp":1.7415416545188684e+09,"_runtime":43.4309002,"_step":19,"epoch":19,"train_acc":0.10018518518518518}