{"_wandb":{"runtime":83},"Accuracy":0.79,"val_acc":0.79,"val_loss":0.5853104994053052,"train_acc":0.8015,"_step":10,"_timestamp":1.7415550988088534e+09,"_runtime":83.2936904,"epoch":9,"train_loss":0.5388047737872513}