{"epoch":4,"Accuracy":0.10533333333333333,"_timestamp":1.741554808454154e+09,"val_acc":0.10533333333333333,"_wandb":{"runtime":15},"train_loss":8.165222681048451,"val_loss":8.104673254901257,"_runtime":15.1909251,"_step":5,"train_acc":0.10635185185185185}