{"epoch":19,"train_acc":0.10018518518518518,"val_acc":0.09833333333333333,"_wandb":{"runtime":28},"train_loss":2.3027706463388387,"_runtime":28.9357037,"val_loss":2.302868240407511,"_timestamp":1.7415411800465772e+09,"_step":19}