{"epoch":9,"train_acc":0.7966481481481481,"val_acc":0.7921666666666667,"_runtime":34.7371759,"_timestamp":1.7415467959599304e+09,"train_loss":0.5701165005532007,"Validation Loss":0.5798553426836605,"_wandb":{"runtime":34},"_step":10,"val_loss":0.5798553426836605}