{"epoch":4,"train_acc":0.10074074074074074,"val_acc":0.09333333333333334,"_step":4,"_runtime":13.2660336,"val_loss":2.302744133386673,"_wandb":{"runtime":13},"_timestamp":1.7415413627294388e+09,"train_loss":2.302579409453382}