{"_runtime":66.5364399,"_step":10,"Validation Loss":1.0373616202823228,"epoch":9,"_wandb":{"runtime":66},"val_acc":0.6306666666666667,"train_loss":1.0373665394760199,"_timestamp":1.7415478735108879e+09,"train_acc":0.6321851851851852,"val_loss":1.0373616202823228}