{"_step":10,"_runtime":38.2643317,"train_acc":0.8673148148148148,"epoch":9,"_timestamp":1.7415472753935506e+09,"val_acc":0.8533333333333334,"_wandb":{"runtime":38},"train_loss":0.360414286429479,"val_loss":0.41365986991805775,"Validation Loss":0.41365986991805775}