{"epoch":4,"train_loss":2.302579152214345,"_runtime":15.0613216,"train_acc":0.10074074074074074,"val_acc":0.09333333333333334,"_step":4,"_timestamp":1.7415410268861122e+09,"_wandb":{"runtime":15},"val_loss":2.3027008628193157}