{"train_loss":2.3025965947710074,"train_acc":0.10018518518518518,"val_loss":2.3027746967435743,"_timestamp":1.7415422792451456e+09,"val_acc":0.09833333333333333,"_runtime":8.0789021,"epoch":4,"_wandb":{"runtime":8},"_step":4}