{"_timestamp":1.7415547113261259e+09,"val_acc":0.8013333333333333,"_runtime":39.6560219,"epoch":9,"train_loss":0.5244116021292136,"Accuracy":0.8013333333333333,"_wandb":{"runtime":39},"train_acc":0.8123888888888889,"_step":10,"val_loss":0.5438610226972921}