{"_timestamp":1.7415413407187986e+09,"val_acc":0.09333333333333334,"val_loss":2.3027291199658224,"train_acc":0.10074074074074074,"_runtime":60.8009847,"_step":19,"train_loss":2.30258054900777,"epoch":19,"_wandb":{"runtime":60}}