{"train_loss":6.626086823477173,"_runtime":13.0964911,"_wandb":{"runtime":13},"_step":5,"train_acc":0.11622222222222223,"val_acc":0.12116666666666667,"Accuracy":0.12116666666666667,"epoch":4,"val_loss":6.58817901134372,"_timestamp":1.7419440585567331e+09}