{"_runtime":27.6995328,"_step":10,"epoch":9,"train_loss":7.525070573183485,"_wandb":{"runtime":27},"Validation Loss":7.45151673567481,"val_acc":0.10216666666666667,"val_loss":7.45151673567481,"_timestamp":1.7415483327600667e+09,"train_acc":0.10074074074074074}