{"_runtime":23.8879288,"_step":5,"_wandb":{"runtime":23},"train_acc":0.5037222222222222,"train_loss":1.4747903871772838,"epoch":4,"val_acc":0.5083333333333333,"val_loss":1.4758003688422723,"_timestamp":1.7415479807817502e+09,"Validation Loss":1.4758003688422723}