{"epoch":9,"_timestamp":1.7415410078539276e+09,"train_loss":2.3025789737144637,"val_loss":2.3027260432213916,"train_acc":0.1002962962962963,"_wandb":{"runtime":27},"val_acc":0.09733333333333333,"_step":9,"_runtime":27.5651705}