{"_runtime":85.1294409,"val_loss":2.3027447719541043,"train_loss":2.30260205540412,"train_acc":0.10018518518518518,"_step":19,"epoch":19,"_timestamp":1.7415412736973984e+09,"val_acc":0.09833333333333333,"_wandb":{"runtime":85}}