{"val_loss":2.3027354086705873,"train_acc":0.10018518518518518,"_step":4,"_runtime":34.5351071,"val_acc":0.09833333333333333,"_wandb":{"runtime":34},"_timestamp":1.7415415811645405e+09,"epoch":4,"train_loss":2.3032878180721443}