{"_timestamp":1.7415548633577018e+09,"train_acc":0.41483333333333333,"val_loss":1.9162098279069755,"train_loss":1.900240268257772,"val_acc":0.419,"_wandb":{"runtime":48},"_runtime":48.7484189,"_step":10,"epoch":9,"Accuracy":0.419}