{"train_loss":2.302581152680596,"val_loss":2.3027563594138867,"_runtime":58.6089139,"epoch":9,"train_acc":0.10074074074074074,"_timestamp":1.7415406973206062e+09,"_step":9,"val_acc":0.09333333333333334,"_wandb":{"runtime":58}}