{"_timestamp":1.741547949670194e+09,"Validation Loss":9.515770997760582,"val_acc":0.09233333333333334,"_wandb":{"runtime":19},"_step":10,"val_loss":9.515770997760582,"train_acc":0.08994444444444444,"train_loss":9.601731647088696,"epoch":9,"_runtime":19.2810857}