{"val_loss":1.593561067588927,"val_acc":0.4465,"train_acc":0.4487777777777778,"_step":5,"Accuracy":0.4465,"_wandb":{"runtime":15},"epoch":4,"train_loss":1.5944442001412622,"_timestamp":1.741555538812908e+09,"_runtime":14.971827}