{"_timestamp":1.7415417365791473e+09,"train_acc":0.10074074074074074,"_step":19,"val_acc":0.09333333333333334,"epoch":19,"val_loss":2.302737997723248,"_wandb":{"runtime":33},"_runtime":33.9531122,"train_loss":2.302577567731668}