{"_wandb":{"runtime":29},"val_acc":0.768,"Accuracy":0.768,"_step":5,"train_acc":0.7733148148148148,"_runtime":29.2707991,"epoch":4,"train_loss":0.6293849888171892,"val_loss":0.6491384813662551,"_timestamp":1.741555451891179e+09}