{"val_acc":0.43516666666666665,"_step":5,"_timestamp":1.7415557933173876e+09,"train_loss":1.776193304289928,"train_acc":0.4323888888888889,"_runtime":16.1651115,"val_loss":1.7917656250979332,"Accuracy":0.43516666666666665,"_wandb":{"runtime":16},"epoch":4}