{"Accuracy":0.09833333333333333,"_step":10,"val_acc":0.09833333333333333,"epoch":9,"_runtime":9.3391025,"_wandb":{"runtime":9},"train_loss":9.212198789492032,"val_loss":9.148400692696972,"train_acc":0.10018518518518518,"_timestamp":1.7415549458913333e+09}