{"_runtime":17.6472184,"val_acc":0.7146666666666667,"train_acc":0.701962962962963,"Accuracy":0.7146666666666667,"epoch":9,"val_loss":0.7827363501838925,"_wandb":{"runtime":17},"train_loss":0.7844644120992483,"_timestamp":1.7415544887704294e+09,"_step":10}