{"_runtime":25.6748043,"val_acc":0.8541666666666666,"train_loss":0.341485664753516,"Accuracy":0.8541666666666666,"_timestamp":1.741555305519761e+09,"_wandb":{"runtime":25},"epoch":9,"_step":10,"val_loss":0.42252147032017773,"train_acc":0.8756666666666667}