{"epoch":4,"train_acc":0.5519074074074074,"val_acc":0.5593333333333333,"_timestamp":1.7415469076018114e+09,"_runtime":25.6506045,"_wandb":{"runtime":25},"_step":5,"val_loss":1.2252651497420215,"train_loss":1.246880864543275,"Validation Loss":1.2252651497420215}