{"val_loss":1.2110839219300096,"Accuracy":0.5685,"_wandb":{"runtime":43},"train_acc":0.5693518518518519,"val_acc":0.5685,"_timestamp":1.741944254579847e+09,"_runtime":43.8281541,"epoch":9,"_step":10,"train_loss":1.2106200224588868}