{"_step":5,"val_loss":0.4466083396933982,"Validation Loss":0.4466083396933982,"_timestamp":1.7415477107134435e+09,"val_acc":0.8326666666666667,"_runtime":24.3883023,"_wandb":{"runtime":24},"epoch":4,"train_loss":0.39968752240423394,"train_acc":0.8526481481481482}