{"_step":19,"train_loss":2.3025840821860117,"_timestamp":1.7415422139389842e+09,"train_acc":0.10074074074074074,"val_acc":0.09333333333333334,"_runtime":469.3288543,"val_loss":2.3028162459356674,"_wandb":{"runtime":469},"epoch":19}