{"_wandb":{"runtime":37},"train_acc":0.10074074074074074,"_timestamp":1.7415407399800465e+09,"train_loss":2.302715290069915,"_runtime":37.5908412,"_step":19,"val_acc":0.09333333333333334,"val_loss":2.3031267591603974,"epoch":19}