{"_step":10,"val_loss":0.5376523654877513,"_timestamp":1.7419442037610462e+09,"_runtime":132.4775664,"train_loss":0.47346694790256827,"Accuracy":0.8026666666666666,"_wandb":{"runtime":132},"val_acc":0.8026666666666666,"train_acc":0.8265185185185185,"epoch":9}