{"epoch":9,"train_acc":0.0995,"_step":10,"_runtime":26.55837,"Accuracy":0.09783333333333333,"train_loss":10.135189657621167,"val_loss":10.040891109217451,"_wandb":{"runtime":26},"val_acc":0.09783333333333333,"_timestamp":1.741555275011531e+09}