{"train_acc":0.10011111111111111,"_timestamp":1.7415424729349484e+09,"_runtime":74.525483,"epoch":19,"val_acc":0.099,"val_loss":2.3027114958674866,"train_loss":2.3025837278089543,"_wandb":{"runtime":74},"_step":19}