{"train_loss":0.3668934488800365,"val_acc":0.8528333333333333,"_wandb":{"runtime":60},"_timestamp":1.7415482921818123e+09,"_runtime":60.2995707,"epoch":4,"train_acc":0.8660740740740741,"Validation Loss":0.4114654245347734,"val_loss":0.4114654245347734,"_step":5}