{"epoch":4,"val_acc":0.739,"train_acc":0.7335925925925926,"_step":5,"_timestamp":1.7415552404446394e+09,"train_loss":0.7620071550098843,"val_loss":0.759016235251338,"_wandb":{"runtime":8},"_runtime":8.1254124,"Accuracy":0.739}