{"_wandb":{"runtime":26},"val_acc":0.8491666666666666,"val_loss":0.4189973771382602,"epoch":4,"train_loss":0.3650875445580028,"_runtime":26.3683547,"_step":5,"train_acc":0.8663518518518518,"Accuracy":0.8491666666666666,"_timestamp":1.7415547884212928e+09}