{"train_acc":0.8072777777777778,"val_acc":0.8021666666666667,"val_loss":0.5599507061625333,"train_loss":0.5357296894995153,"_timestamp":1.7415483795162635e+09,"_runtime":41.853858,"_step":10,"epoch":9,"_wandb":{"runtime":41},"Validation Loss":0.5599507061625333}