{"_runtime":32.9134156,"_step":9,"_wandb":{"runtime":32},"epoch":10,"loss":2.302845506975113,"_timestamp":1.7415255307776308e+09}