{"Accuracy":0.7661666666666667,"_runtime":28.5762862,"train_loss":0.6314456903003766,"val_loss":0.648374028342757,"train_acc":0.7731111111111111,"val_acc":0.7661666666666667,"_timestamp":1.7415557003804362e+09,"epoch":4,"_step":5,"_wandb":{"runtime":28}}