{"val_acc":0.101,"train_loss":9.052163102622686,"train_acc":0.09079629629629629,"_step":10,"epoch":9,"val_loss":8.996909842791336,"_runtime":14.803355,"Accuracy":0.101,"_wandb":{"runtime":14},"_timestamp":1.7415546647630506e+09}