{"epoch":9,"_runtime":16.146585,"_wandb":{"runtime":16},"train_acc":0.09977777777777778,"Validation Loss":8.011319132516443,"val_acc":0.102,"_timestamp":1.741547215601753e+09,"val_loss":8.011319132516443,"train_loss":8.00000791339365,"_step":10}