{"epoch":4,"Validation Loss":1.2223563850379673,"_timestamp":1.741547016860539e+09,"_runtime":28.2307849,"train_acc":0.5767962962962963,"train_loss":1.2256354243402037,"val_acc":0.5828333333333333,"_step":5,"_wandb":{"runtime":28},"val_loss":1.2223563850379673}