{"train_acc":0.8726851851851852,"_step":5,"train_loss":0.34017291054266396,"_wandb":{"runtime":45},"_runtime":45.2885237,"val_loss":0.4028085876116583,"val_acc":0.8548333333333333,"Accuracy":0.8548333333333333,"_timestamp":1.7415550083933685e+09,"epoch":4}