{"val_loss":2.3027530835330103,"epoch":4,"train_acc":0.1002962962962963,"train_loss":2.302588752318304,"_wandb":{"runtime":29},"_runtime":29.2126743,"_step":4,"_timestamp":1.7415409723493516e+09,"val_acc":0.09733333333333333}