{"_runtime":73.3966482,"_step":9,"_wandb":{"runtime":73},"epoch":10,"loss":2.3043265912292696,"_timestamp":1.7415256727326071e+09}