{"_runtime":127.698486,"_step":19,"train_loss":2.3025813695491038,"val_loss":2.302756980292928,"train_acc":0.10074074074074074,"_timestamp":1.7415409368807902e+09,"_wandb":{"runtime":127},"val_acc":0.09333333333333334,"epoch":19}