{"Accuracy":0.7668333333333334,"val_loss":0.6737416156277258,"epoch":9,"_wandb":{"runtime":13},"_runtime":13.1095327,"_step":10,"train_loss":0.6627606875931127,"val_acc":0.7668333333333334,"_timestamp":1.7415548803237166e+09,"train_acc":0.7661481481481481}